{
  "horizons": [
    24,
    48,
    72
  ],
  "rmse": {
    "24": 0.6381197139240709,
    "48": 0.7872427400975787,
    "72": 0.8570247928531265
  },
  "mape": {
    "24": 0.14312669453332785,
    "48": 0.18655236442022485,
    "72": 0.20444654365698306
  }
}