{
  "alert": 0.6811860203742981,
  "moderate": 0.2795846164226532
}